"6956";"Dr. Carlos Neves Lutero";"(97) 2393-2924"
"4930";"Sra. Agustina Padrão Padilha";"(38) 2486-4921"
"4959";"Martinho Mateus Sepúlveda";"(87) 3160-2865"
"6290";"Sophie Cruz";"(94) 2012-9321"
"2336";"Valéria Gomes";"(21) 7659-2308"
"7728";"Sr. Noel Chaves";"(78) 3119-5643"
"6341";"Dr. Camilo Marin Aranda";"(39) 3661-4569"
"9463";"Dr. Eduardo Cruz Sobrinho";"(43) 3585-0376"
"8724";"Nicole Carrara Neto";"(49) 3019-6813"
"5627";"Sra. Josefina Ana Rosa";"(63) 3708-0618"
"5345";"Agustina Marinho Ferminiano Filho";"(69) 2617-6099"
"4385";"Sr. Simon Aragão";"(34) 8516-9549"
"2821";"Sr. Ivan Gonçalves";"(16) 7523-8746"
"7600";"Inácio Christian Faria";"(31) 3758-3324"
"6963";"Diego João Marin";"(25) 7847-8355"
"7569";"Dr. Natal Mascarenhas";"(14) 7366-3732"
"3412";"Miranda Mel Galhardo Filho";"(65) 8596-8801"
"8253";"Gabriela Espinoza";"(56) 7682-1980"
"2379";"Sra. Luana Franco Leal";"(59) 7017-7236"
"6959";"Srta. Camila Mendonça";"(84) 3240-7996"
"7290";"Alonso Ricardo Aragão Jr.";"(52) 7643-8074"
"2634";"Ana Perez de Souza";"(78) 8111-8629"
"8766";"Srta. Natália Serna Sobrinho";"(46) 3253-2824"
"3362";"Srta. Luna Constância Rivera Neto";"(22) 2645-5548"
"8259";"Sr. Ziraldo Máximo das Dores";"(28) 98829-1606"
"3012";"Evandro Gabriel Salas";"(16) 2722-8834"
"5306";"Alonso Dominato Rico";"(38) 9037-4374"
"4930";"Dr. Samuel Reis Jr.";"(43) 7339-1033"
"8241";"Dr. Kevin Soares Uchoa";"(43) 2736-1652"
"8234";"Sr. Elias José das Neves";"(32) 7132-6557"
"9294";"Dr. Luna Sandoval";"(49) 2647-0610"
"7308";"Maximiano Everton Batista Jr.";"(93) 7668-6518"
"5055";"Ricardo Lutero Aranda";"(99) 7792-4820"
"6113";"Paula de Aguiar";"(28) 98554-8543"
"9582";"Vicente Urias Bonilha Sobrinho";"(65) 9295-7637"
"2693";"Dr. Gian Pontes Jr.";"(52) 2139-7204"
"1976";"Srta. Valéria Escobar";"(43) 2729-3366"
"9718";"Sr. Maximiano Gustavo Mendonça";"(62) 9311-7812"
"6991";"Giovane Adriano Uchoa Jr.";"(32) 8130-4329"
"7511";"Sr. João Guerra";"(39) 3861-5875"
"7478";"Benjamin Rezende Sobrinho";"(53) 7995-8980"
"8528";"Srta. Hortência Hortência Abreu";"(45) 2715-8414"
"4588";"Dr. Fábio Ricardo Verdugo Filho";"(64) 7552-2870"
"6104";"Srta. Alexa Colaço Valdez";"(47) 3285-0463"
"7942";"Tábata Salomé Queirós";"(38) 3994-7067"
"3967";"Sra. Andrea das Neves Cortês Jr.";"(68) 9909-5970"
"1163";"Leonardo Roque de Souza";"(27) 99001-2143"
"1281";"Jerônimo Benites Filho";"(32) 3052-5880"
"6105";"Giovana Esteves";"(19) 2155-6951"
"3455";"Srta. Agustina Ketlin das Dores Neto";"(61) 9505-7507"
"4529";"Sr. Henrique Jorge Rodrigues";"(58) 2548-4679"
"8904";"Sr. Inácio Chaves Martines";"(89) 8890-2447"
"4502";"Pâmela Zamana";"(38) 9477-2856"
"6367";"Aaron Carrara";"(92) 2559-6761"
"5402";"Ariana Faria Furtado";"(28) 7042-7616"
"4424";"Luciano Aaron Lozano";"(78) 3925-7227"
"9755";"Sra. Tábata Nádia Rivera Jr.";"(32) 7637-0181"
"3250";"Andrea Cordeiro Santana Sobrinho";"(47) 3495-0300"
"8765";"Sr. Simão Caldeira Bittencourt Sobrinho";"(24) 3270-5192"
"3405";"Valéria Quintana Barros";"(63) 7571-2765"
"1443";"Miranda Cervantes Oliveira";"(46) 3984-0706"
"7660";"Hortência Elizabeth Soares Neto";"(36) 3400-2643"
"2457";"Dr. Aaron das Dores Delvalle";"(24) 2372-2744"
"9728";"Simon Fernando Oliveira";"(94) 3795-7829"
"1976";"Dr. Horácio Rodrigues Neto";"(74) 2808-1478"
"2149";"Sra. Norma Ferraz Campos";"(83) 9594-3053"
"1241";"Sra. Beatriz Velasques Filho";"(32) 3672-2205"
"2027";"Sra. Michele Lutero Camacho";"(46) 8616-0859"
"4084";"Pâmela Jasmin Pereira";"(29) 2436-2699"
"7526";"Sr. Cristóvão Alan Cruz";"(84) 7014-1802"
"6524";"Sr. Jerônimo Noel Jimenes";"(35) 3852-7749"
"7756";"Luzia Paulina Valência Jr.";"(91) 99502-7760"
"6993";"Dr. Carlos Hernani Madeira Jr.";"(14) 3779-4770"
"9148";"Abril Matos Madeira Sobrinho";"(51) 9479-0101"
"8645";"Dr. Felipe Jerônimo Faria";"(45) 8947-9912"
"8262";"Sr. Manuel Dante Tamoio";"(29) 3216-2643"
"4433";"Sra. Joana Ana Gomes";"(32) 9880-7433"
"9597";"Allison Carrara";"(33) 2230-0631"
"9880";"Dr. Amélia Batista das Neves";"(53) 3643-9606"
"7007";"Ziraldo Toledo";"(96) 3397-9614"
"5510";"Pedro Adriano da Cruz";"(76) 2049-9031"
"6296";"Fábio Pedro Galindo";"(88) 8601-4580"
"9154";"Hortência Beatriz Galindo Filho";"(71) 2169-1154"
"6587";"Sabrina Ferminiano Garcia";"(91) 99364-9238"
"7970";"Tomás Jerônimo Bonilha";"(94) 99976-0816"
"7758";"Salomé Rocha Batista";"(37) 3548-7149"
"7754";"Dr. Pablo Ziraldo Vale Jr.";"(71) 3936-8640"
"4540";"Srta. Sofia Prado Filho";"(33) 7478-4722"
"9216";"Alan Samuel Teles";"(58) 2251-3775"
"7483";"Ornela Abril Gomes";"(87) 2829-0051"
"4163";"Sebastião Santacruz";"(24) 7479-2340"
"6342";"Dr. Maximiano Ramires Fonseca";"(91) 3561-8668"
"5533";"Demian Alan Ramos";"(56) 9164-7385"
"1087";"Giovana Alexa Carrara";"(74) 3046-1733"
"9300";"Srta. Daniela Sepúlveda";"(28) 2583-8017"
"9417";"Luis Estêvão Rivera";"(56) 9958-8938"
"6899";"Srta. Luara Solano Branco";"(38) 8685-6623"
"5161";"Andres Aranda Sales";"(96) 99667-6431"
"7902";"Sara Santiago Paz";"(84) 2229-0011"
"1495";"Adriano Ferraz";"(57) 3483-9006"
"6574";"Joaquin Estrada Verdugo Jr.";"(17) 3457-2165"
"9029";"Sr. Pedro Rivera Bezerra Filho";"(55) 8395-9179"
"5398";"Dr. Camilo Valentin Benites Filho";"(71) 2565-3220"
"3774";"Sr. Teobaldo Chaves Sobrinho";"(52) 3487-6978"
"3983";"Srta. Abgail Mascarenhas Rios Jr.";"(73) 9477-6600"
"7367";"Dr. Thalissa Fonseca Filho";"(39) 3864-8649"
"8346";"Sra. Violeta Tábata Dominato";"(75) 8207-0950"
"2946";"Guilherme Maia de Aguiar Filho";"(18) 2006-5786"
"4638";"Srta. Ornela Verdugo";"(94) 2348-1895"
"8233";"Sr. Elias Dante Rosa";"(21) 7172-9367"
"9017";"Sra. Mia Gomes Aranda Filho";"(91) 98976-9438"
"5387";"Jácomo Quintana Espinoza";"(47) 8111-5706"
"8226";"Emília Pâmela Urias Filho";"(95) 7362-1600"
"4349";"Paula Uchoa Filho";"(89) 2624-7320"
"9030";"Sr. Rafael Matos Sobrinho";"(88) 3769-8188"
"5266";"Sra. Alma Camacho Caldeira Jr.";"(37) 8028-6683"
"8019";"Luis Bittencourt Valentin Filho";"(65) 7961-0026"
"4905";"Sra. Sabrina Cortês";"(99) 99709-1941"
"4433";"Dr. Miguel da Rosa";"(36) 3823-3776"
"3906";"Santiago Everton Brito Sobrinho";"(61) 2245-4176"
"8604";"Dante Leon Campos";"(44) 2467-9332"
"5422";"Dr. Christian Rafael da Cruz Filho";"(72) 9943-8057"
"5696";"Andrea Lutero Filho";"(76) 9678-9113"
"3076";"Srta. Malena Taís Matias";"(73) 3045-0080"
"6803";"Luciana Soares Filho";"(82) 7140-4477"
"7339";"Luzia Aranda Solano";"(16) 7266-3873"
"6086";"Samanta Samanta Barreto";"(28) 7113-3517"
"8145";"Jerônimo Maldonado";"(83) 8860-3014"
"1767";"Dr. Mariana Tábata Queirós Neto";"(73) 2658-9961"
"5261";"Sebastião Matias";"(98) 2821-5033"
"8459";"Teobaldo Pena";"(37) 7015-2048"
"9848";"Dr. Hernani Sebastião Rios Sobrinho";"(11) 2692-7820"
"9088";"Olívia Godói Fernandes";"(46) 3761-4590"
"4262";"Gustavo Neves Lozano";"(86) 2740-8150"
"2486";"Dr. Inácio Rico Galvão Jr.";"(92) 2199-9846"
"9402";"Sra. Miranda Prado Assunção Sobrinho";"(11) 99369-7685"
"4878";"Leonardo Zaragoça Neto";"(73) 8787-1680"
"4036";"Simão Lutero Prado Neto";"(29) 7503-2952"
"4503";"Dr. Lucas Salas Aragão";"(53) 7682-8818"
"9690";"Isadora Vega Pereira";"(95) 3370-5190"
"3120";"Sra. Paulina Rivera Maldonado";"(31) 3886-3592"
"2993";"Dr. Valentina Tábata Galvão";"(89) 3298-4618"
"9657";"Miguel Simão Paz Sobrinho";"(61) 2593-7385"
"3841";"Camila Michele Matias";"(34) 7402-3739"
"6331";"Sr. Pedro Maldonado Salgado Sobrinho";"(81) 8534-2376"
"5273";"Dr. Miranda Marés Rodrigues";"(84) 8869-3409"
"3357";"Sra. Laura Madeira Maia Jr.";"(81) 3314-3133"
"5156";"Dr. Antônio Matias de Oliveira";"(81) 2393-3478"
"3808";"Dr. Ana Cervantes Chaves Sobrinho";"(93) 99118-1372"
"1358";"Alma Vieira Marinho Sobrinho";"(16) 98245-2712"
"7962";"Sra. Ornela Flores Quintana";"(38) 9324-9454"
"2739";"Ana Faria Roque Filho";"(93) 2328-1897"
"6146";"Inácio Ramos";"(26) 2534-8418"
"5844";"Dr. Samuel Delatorre da Cruz";"(74) 3758-4619"
"2711";"Dr. Maximiano Galvão Sanches";"(59) 9241-7011"
"5468";"Srta. Fabiana Dias Soares Neto";"(41) 3393-3982"
"9391";"Sra. Hortência Aragão Urias";"(92) 98468-8503"
"3259";"Sr. Thales Feliciano Sobrinho";"(15) 7262-2205"
"4747";"Noelí Julieta Faro";"(89) 3283-0377"
"6059";"Sr. Miguel Tomás Gonçalves";"(17) 2141-8603"
"5264";"Vitória Camila D'ávila";"(59) 2538-0007"
"9474";"Dr. Elias Batista Sobrinho";"(71) 7297-8428"
"1196";"Dr. Giovana Grego Cervantes";"(89) 9143-7129"
"2364";"Diego Maia das Dores Jr.";"(84) 8288-4852"
"1025";"Sr. Hernani Branco Filho";"(35) 9993-9521"
"1287";"Sérgio Estrada Sobrinho";"(95) 7685-6956"
"6277";"Felipe Delgado Escobar Neto";"(35) 8646-1197"
"5029";"Antonieta Luciana Godói";"(87) 9317-4376"
"8785";"Luana Neves Benites";"(53) 9793-7234"
"5880";"Dr. Joana Abgail Pereira";"(66) 3914-9472"
"3793";"Dr. João Toledo Feliciano";"(12) 99156-6064"
"7299";"Dr. Natália Daniela Casanova Filho";"(55) 8106-3798"
"6597";"Srta. Malena Prado Roque";"(18) 3917-4301"
"5473";"Dr. Luciano Abreu Verdara";"(13) 2372-6998"
"7406";"Carolina Corona Filho";"(99) 2886-0581"
"8123";"Sr. Demian Aragão Azevedo";"(86) 7811-9655"
"4308";"Violeta Cordeiro Urias Sobrinho";"(46) 8691-6387"
"5909";"Dr. Jerônimo Salgado Sobrinho";"(35) 3026-2673"
"9426";"Sra. Mariana Galvão";"(19) 7865-0733"
"3765";"Srta. Nicole Rangel Beltrão";"(17) 99821-4320"
"5848";"Srta. Ketlin Queirós Matos";"(35) 3726-7512"
"9588";"Sra. Olívia Sophie Dominato";"(39) 9382-1652"
"5371";"Ashley Soto Neto";"(75) 3049-4748"
"9426";"David Rocha Assunção Neto";"(91) 98859-6058"
"5602";"Sr. Martinho Serna Sobrinho";"(59) 8116-6058"
"2665";"Sra. Sara Oliveira";"(63) 2003-9947"
"2851";"Srta. Madalena Paula Benites";"(17) 2770-7138"
"7254";"Christopher Vila";"(41) 3135-5990"
"8084";"Carla Fontes Jr.";"(29) 3327-9798"
"6646";"Evandro Mendonça";"(67) 2361-6005"
"1768";"Sabrina Malena Gil Filho";"(37) 9063-2521"
"4119";"Martinho Fábio Paz Sobrinho";"(46) 7552-4502"
"2632";"Sr. Thales Ivan Rangel Filho";"(92) 3988-6288"
"2213";"Dr. Máximo Faro";"(21) 99381-7955"
"1075";"Sra. Paulina Isabella Azevedo";"(82) 8705-7574"
"3484";"Dr. João Toledo Cruz Jr.";"(23) 3956-3552"
"9753";"Srta. Paula Dominato";"(49) 8173-1052"
"7831";"Constância Romero Marques";"(42) 3401-4247"
"1771";"Sr. Teobaldo Joaquin Gil";"(24) 7147-0497"
"6287";"Aaron Alan Zamana";"(92) 99483-0944"
"4317";"Dr. Fernando Gonçalves";"(97) 3827-2956"
"5706";"Ivan Martinho Galhardo Jr.";"(78) 3600-5939"
"6855";"Sra. Noelí Queirós Filho";"(53) 7451-9249"
"8089";"Paulina Rios Reis";"(91) 3835-1783"
"4357";"Alma Manuela Marés Sobrinho";"(62) 2784-4917"
"8433";"Sr. Benjamin Paz Jr.";"(69) 9873-0993"
"8104";"Giovane de Oliveira Neto";"(66) 3385-5587"
"7898";"Miranda Soto";"(19) 98407-7971"
"3812";"Dr. Fábio Rios Ferminiano Neto";"(57) 3972-5733"
"7906";"Carolina Thalissa Lovato Jr.";"(49) 8486-5122"
"5650";"Tábata Constância Domingues";"(14) 7955-5099"
"3400";"Diego Esteves";"(67) 9041-6512"
"4570";"Clara Paula Sepúlveda Neto";"(64) 8252-1462"
"4995";"Matias Christian Valentin";"(47) 7882-6942"
"1394";"Pâmela Samanta Lira Sobrinho";"(65) 2244-0279"
"3849";"Sr. João Rodrigo Vasques Neto";"(98) 99065-4180"
"7313";"Srta. Sophie da Rosa Jr.";"(19) 99230-6086"
"2319";"Sr. Camilo Cruz Paes";"(28) 3943-3686"
"1386";"Dr. Josué Pedrosa Chaves";"(61) 8627-8282"
"2684";"Gabriel Alexandre Solano";"(51) 2068-7943"
"5008";"Gian Natal Quintana";"(81) 3217-4343"
"2789";"Laura Paes Franco Neto";"(26) 9587-8396"
"6992";"Dr. Guilherme Lovato";"(69) 3329-0298"
"9393";"Ivana Mendes Vila";"(88) 3672-9746"
"5891";"Dr. Kevin Matos Dominato Jr.";"(83) 9166-0801"
"3280";"Isabel Samanta Assunção";"(64) 9577-4349"
"6772";"Guilherme David Cordeiro Filho";"(54) 3917-9249"
"5623";"Sr. Máximo Gabriel Brito Neto";"(25) 8367-7760"
"1205";"Dr. Violeta Queirós Serna";"(26) 8967-4202"
"1600";"Dr. Rafael Oliveira Sobrinho";"(12) 7935-9134"
"7649";"Sra. Natália da Cruz Barros Sobrinho";"(92) 98056-7599"
"2287";"Matias Anderson Balestero Filho";"(43) 9297-7062"
"3908";"Pedro Inácio Toledo Sobrinho";"(37) 9696-1437"
"2540";"Evandro Rivera Filho";"(87) 7114-5672"
"7078";"Sr. Matias Noel Sepúlveda";"(63) 8002-7098"
"3228";"Malena Salgado Lovato";"(13) 7094-5989"
"4913";"Dr. Alan Martinho Lutero Filho";"(68) 7545-5462"
"8186";"Sr. Jerônimo Mário Queirós Filho";"(51) 9881-3718"
"4506";"Nádia Rico Pedrosa Jr.";"(57) 9696-5984"
"8668";"Sra. Silvana Galhardo Matias Neto";"(44) 3960-9852"
"7056";"Henrique Kevin Rangel Filho";"(11) 98461-8010"
"5490";"Dr. Valentin Fernando Lira Neto";"(72) 2301-0279"
"9972";"Sr. Emanuel Vieira Chaves Neto";"(67) 2735-9908"
"9798";"Dr. Luis Pena";"(55) 7787-8733"
"2230";"Taís Rezende Lira Sobrinho";"(11) 2103-7012"
"6784";"Sra. Irene Galhardo Filho";"(64) 3360-3804"
"5976";"Andrea Marés Filho";"(65) 8747-4676"
"2143";"Ornela Rangel Madeira";"(73) 7220-6147"
"5311";"Daniel Santacruz Mascarenhas";"(49) 2372-5629"
"2241";"Dr. Simon Thiago da Rosa";"(57) 7035-6863"
"1150";"Dr. Pedro Anderson Soares";"(25) 2567-3877"
"2280";"Alessandra Aragão";"(91) 99827-2943"
"6998";"Andrea Estrada Rios Neto";"(18) 3140-7401"
"7641";"Dr. Miguel Mendonça Serrano Jr.";"(64) 7257-7330"
"5137";"Ashley Sophie Mendonça";"(18) 3700-7528"
"9103";"Ivan Faro Feliciano";"(22) 2898-4152"
"6834";"Nicole Salas Roque";"(88) 7483-7948"
"8125";"Dr. Carolina Rios";"(92) 99840-3363"
"5747";"Dr. Mário Martinho Padilha";"(22) 2456-4605"
"9592";"Srta. Mia Carla Teles Jr.";"(67) 9552-8531"
"4059";"Dr. Giovana Serna Camacho";"(96) 3191-8023"
"7665";"Miguel Solano Rosa Neto";"(73) 3957-0845"
"4022";"Sra. Alma Verdugo Jr.";"(97) 2237-0645"
"8770";"Srta. Mariana Matos da Silva Jr.";"(62) 2058-4383"
"8604";"Sr. Sebastião Fábio Padilha";"(84) 7507-5369"
"2105";"Camilo Fernandes Neto";"(25) 2268-7814"
"7956";"Dr. Evandro Aguiar Filho";"(32) 3602-7573"
"5747";"Leonardo Daniel Abreu Sobrinho";"(42) 7658-8729"
"5120";"Jerônimo Tamoio";"(59) 3151-6352"
"2148";"Sophie Cordeiro Dias";"(32) 3828-6445"
"6960";"Agostinho Francisco Benites";"(38) 2991-9082"
"2362";"Sara Fernandes Jr.";"(22) 98379-5299"
"2136";"Agostinho Padrão";"(89) 7308-2131"
"5208";"Dr. Francisco Marin Galhardo";"(75) 3305-7204"
"2707";"Dr. Vitória Regina Ortega Jr.";"(32) 3289-3670"
"5660";"Dr. Agostinho Emiliano Marinho";"(53) 7860-9858"
"8495";"Srta. Abgail Marés Cruz Neto";"(75) 2700-3240"
"9444";"Srta. Julieta Rangel Toledo Neto";"(16) 98972-3590"
"6805";"Sra. Adriana Campos";"(52) 3721-9950"
"7550";"Mário Paes de Souza";"(17) 98336-3183"
"4478";"Carla Luzia Pedrosa";"(92) 99802-7806"
"5377";"Dr. Miguel Alan Maldonado Filho";"(56) 2990-7482"
"9570";"Andres Adriano Madeira Jr.";"(47) 7135-4394"
"7052";"Suzana Cruz Torres Neto";"(91) 7350-1619"
"9686";"Samanta Quintana Jr.";"(22) 3539-0366"
"4738";"Sr. Thales Fontes";"(55) 8776-3906"
"2088";"Rafael Aranda Jr.";"(33) 9857-9748"
"6489";"Jorge Rodrigues Pena";"(11) 2517-5076"
"7283";"Miranda Teles";"(53) 2019-2026"
"9387";"Sra. Fátima Faria Pacheco Sobrinho";"(61) 7032-2008"
"2891";"Sra. Tábata Rebeca Corona";"(57) 9282-5629"
"7817";"Sra. Daniela Medina Matias";"(68) 9061-8802"
"8978";"Dr. Ziraldo Corona";"(61) 9338-2447"
"8860";"Paulo Carrara Sobrinho";"(91) 99806-9621"
"8968";"Dr. João Camacho Santiago";"(55) 9219-2927"
"3590";"Dr. Sebastião Elias Teles";"(16) 2933-1791"
"2340";"Luara Faria";"(11) 99542-9155"
"1003";"Ricardo Evandro Lozano";"(79) 7074-8314"
"6272";"Leonardo Queirós Soares Jr.";"(75) 9835-3699"
"4095";"Dr. Rodrigo Ziraldo Fonseca";"(24) 7263-7696"
"7316";"Luis Oliveira Campos";"(52) 8745-2373"
